<?xml version="1.0"?>
<info xmlns:xsi= "http://www.w3.org/2001/XMLSchema-instance"
	  xsi:noNamespaceSchemaLocation="https://apps.nextcloud.com/schema/apps/info.xsd">
    <id>serverinfo</id>
    <name>Monitoring</name>
    <summary>Monitoring app with useful server information</summary>
    <description>Provides useful server information, such as CPU load, RAM usage, disk usage, number of users, etc.</description>
    <version>1.9.0</version>
    <licence>agpl</licence>
    <author>Bjoern Schiessle</author>
    <author>Ivan Sein Santiago</author>
    <author>Frank Karlitschek</author>
    <namespace>ServerInfo</namespace>
    <default_enable/>
    <category>monitoring</category>
    <bugs>https://github.com/nextcloud/serverinfo/issues</bugs>
    <dependencies>
		<nextcloud min-version="19" max-version="19" />
    </dependencies>
    <settings>
        <admin>OCA\ServerInfo\Settings\AdminSettings</admin>
        <admin-section>OCA\ServerInfo\Settings\AdminSection</admin-section>
    </settings>
</info>
